[
    {
        "id": "d7f8a0c4-5df2-42b0-bde1-96ef4d1531f0",
        "countryName": "Algeria",
        "isoAlpha2": "DZ",
        "isoAlpha3": "DZA",
        "diallingCode": "213",
        "isoCurrencyCode": "DZD",
        "isoCurrencyCountry": "ALGERIA",
        "isoCurrencyMinorUnit": "2",
        "isoCurrencyName": "Algerian Dinar",
        "isoCurrencyNumericCode": "12",
        "capital": "Algiers",
        "continent": "AF",
        "TLD": ".dz",
        "languages": "ar-DZ",
        "enabled": true
    },
    {
        "id": "f11f61e0-6ade-4197-922c-446e55d1c6f4",
        "countryName": "Angola",
        "isoAlpha2": "AO",
        "isoAlpha3": "AGO",
        "diallingCode": "244",
        "isoCurrencyCode": "AOA",
        "isoCurrencyCountry": "ANGOLA",
        "isoCurrencyMinorUnit": "2",
        "isoCurrencyName": "Kwanza",
        "isoCurrencyNumericCode": "973",
        "capital": "Luanda",
        "continent": "AF",
        "TLD": ".ao",
        "languages": "pt-AO",
        "enabled": true
    },
    {
        "id": "67e13943-ee62-40ec-bea4-bffdd11a5712",
        "countryName": "Benin",
        "isoAlpha2": "BJ",
        "isoAlpha3": "BEN",
        "diallingCode": "229",
        "isoCurrencyCode": "XOF",
        "isoCurrencyCountry": "BENIN",
        "isoCurrencyMinorUnit": "0",
        "isoCurrencyName": "CFA Franc BCEAO",
        "isoCurrencyNumericCode": "952",
        "capital": "Porto-Novo",
        "continent": "AF",
        "TLD": ".bj",
        "languages": "fr-BJ",
        "enabled": true
    },
    {
        "id": "c38923c0-d8a9-4f5b-bfaa-3a1f53bbd68f",
        "countryName": "Botswana",
        "isoAlpha2": "BW",
        "isoAlpha3": "BWA",
        "diallingCode": "267",
        "isoCurrencyCode": "BWP",
        "isoCurrencyCountry": "BOTSWANA",
        "isoCurrencyMinorUnit": "2",
        "isoCurrencyName": "Pula",
        "isoCurrencyNumericCode": "72",
        "capital": "Gaborone",
        "continent": "AF",
        "TLD": ".bw",
        "languages": "en-BW,tn-BW",
        "enabled": true
    },
    {
        "id": "58b65591-2792-4250-95f2-b594ab43dcce",
        "countryName": "Burkina Faso",
        "isoAlpha2": "BF",
        "isoAlpha3": "BFA",
        "diallingCode": "226",
        "isoCurrencyCode": "XOF",
        "isoCurrencyCountry": "BURKINA FASO",
        "isoCurrencyMinorUnit": "0",
        "isoCurrencyName": "CFA Franc BCEAO",
        "isoCurrencyNumericCode": "952",
        "capital": "Ouagadougou",
        "continent": "AF",
        "TLD": ".bf",
        "languages": "fr-BF",
        "enabled": true
    },
    {
        "id": "5e0fec84-4a36-416c-a7b5-6721a369f1f5",
        "countryName": "Burundi",
        "isoAlpha2": "BI",
        "isoAlpha3": "BDI",
        "diallingCode": "257",
        "isoCurrencyCode": "BIF",
        "isoCurrencyCountry": "BURUNDI",
        "isoCurrencyMinorUnit": "0",
        "isoCurrencyName": "Burundi Franc",
        "isoCurrencyNumericCode": "108",
        "capital": "Bujumbura",
        "continent": "AF",
        "TLD": ".bi",
        "languages": "fr-BI,rn",
        "enabled": true
    },
    {
        "id": "db08e0a1-4e95-40a6-988b-39c65bcd8de3",
        "countryName": "Cameroon",
        "isoAlpha2": "CM",
        "isoAlpha3": "CMR",
        "diallingCode": "237",
        "isoCurrencyCode": "XAF",
        "isoCurrencyCountry": "CAMEROON",
        "isoCurrencyMinorUnit": "0",
        "isoCurrencyName": "CFA Franc BEAC",
        "isoCurrencyNumericCode": "950",
        "capital": "Yaounde",
        "continent": "AF",
        "TLD": ".cm",
        "languages": "en-CM,fr-CM",
        "enabled": true
    },
    {
        "id": "e0233f66-ff7a-4402-a553-f69c1eab3090",
        "countryName": "Cabo Verde",
        "isoAlpha2": "CV",
        "isoAlpha3": "CPV",
        "diallingCode": "238",
        "isoCurrencyCode": "CVE",
        "isoCurrencyCountry": "CABO VERDE",
        "isoCurrencyMinorUnit": "2",
        "isoCurrencyName": "Cabo Verde Escudo",
        "isoCurrencyNumericCode": "132",
        "capital": "Praia",
        "continent": "AF",
        "TLD": ".cv",
        "languages": "pt-CV",
        "enabled": true
    },
    {
        "id": "0b6764dc-844e-454c-8773-d8deb16f5a83",
        "countryName": "Central African Republic",
        "isoAlpha2": "CF",
        "isoAlpha3": "CAF",
        "diallingCode": "236",
        "isoCurrencyCode": "XAF",
        "isoCurrencyCountry": "CENTRAL AFRICAN REPUBLIC",
        "isoCurrencyMinorUnit": "0",
        "isoCurrencyName": "CFA Franc BEAC",
        "isoCurrencyNumericCode": "950",
        "capital": "Bangui",
        "continent": "AF",
        "TLD": ".cf",
        "languages": "fr-CF,sg,ln,kg",
        "enabled": true
    },
    {
        "id": "9e088f64-da49-4710-9524-8f8f337199f2",
        "countryName": "Chad",
        "isoAlpha2": "TD",
        "isoAlpha3": "TCD",
        "diallingCode": "235",
        "isoCurrencyCode": "XAF",
        "isoCurrencyCountry": "CHAD",
        "isoCurrencyMinorUnit": "0",
        "isoCurrencyName": "CFA Franc BEAC",
        "isoCurrencyNumericCode": "950",
        "capital": "N'Djamena",
        "continent": "AF",
        "TLD": ".td",
        "languages": "fr-TD,ar-TD,sre",
        "enabled": true
    },
    {
        "id": "50a73f09-d1e0-4cd7-be4b-9ccdfaee3fdb",
        "countryName": "Comoros",
        "isoAlpha2": "KM",
        "isoAlpha3": "COM",
        "diallingCode": "269",
        "isoCurrencyCode": "KMF",
        "isoCurrencyCountry": "COMOROS",
        "isoCurrencyMinorUnit": "0",
        "isoCurrencyName": "Comoro Franc",
        "isoCurrencyNumericCode": "174",
        "capital": "Moroni",
        "continent": "AF",
        "TLD": ".km",
        "languages": "ar,fr-KM",
        "enabled": true
    },
    {
        "id": "0289a0e1-cf9c-495e-b44f-84602c1da4d9",
        "countryName": "Congo",
        "isoAlpha2": "CG",
        "isoAlpha3": "COG",
        "diallingCode": "242",
        "isoCurrencyCode": "XAF",
        "isoCurrencyCountry": "CONGO",
        "isoCurrencyMinorUnit": "0",
        "isoCurrencyName": "CFA Franc BEAC",
        "isoCurrencyNumericCode": "950",
        "capital": "Brazzaville",
        "continent": "AF",
        "TLD": ".cg",
        "languages": "fr-CG,kg,ln-CG",
        "enabled": true
    },
    {
        "id": "70b585c9-6593-44b6-b5de-ebbef4f793e4",
        "countryName": "Democratic Republic of the Congo",
        "isoAlpha2": "CD",
        "isoAlpha3": "COD",
        "diallingCode": "243",
        "isoCurrencyCode": "",
        "isoCurrencyCountry": "",
        "isoCurrencyMinorUnit": "",
        "isoCurrencyName": "",
        "isoCurrencyNumericCode": "",
        "capital": "Kinshasa",
        "continent": "AF",
        "TLD": ".cd",
        "languages": "fr-CD,ln,kg",
        "enabled": true
    },
    {
        "id": "49a16e94-8142-481f-abaa-17af310049a6",
        "countryName": "Côte d'Ivoire",
        "isoAlpha2": "CI",
        "isoAlpha3": "CIV",
        "diallingCode": "225",
        "isoCurrencyCode": "XOF",
        "isoCurrencyCountry": "CÔTE D'IVOIRE",
        "isoCurrencyMinorUnit": "0",
        "isoCurrencyName": "CFA Franc BCEAO",
        "isoCurrencyNumericCode": "952",
        "capital": "Yamoussoukro",
        "continent": "AF",
        "TLD": ".ci",
        "languages": "fr-CI",
        "enabled": true
    },
    {
        "id": "ac2bf751-b803-46d7-a5e7-7594e79f6120",
        "countryName": "Djibouti",
        "isoAlpha2": "DJ",
        "isoAlpha3": "DJI",
        "diallingCode": "253",
        "isoCurrencyCode": "DJF",
        "isoCurrencyCountry": "DJIBOUTI",
        "isoCurrencyMinorUnit": "0",
        "isoCurrencyName": "Djibouti Franc",
        "isoCurrencyNumericCode": "262",
        "capital": "Djibouti",
        "continent": "AF",
        "TLD": ".dj",
        "languages": "fr-DJ,ar,so-DJ,aa",
        "enabled": true
    },
    {
        "id": "9092a86c-db3a-4b63-8686-6ef66d2ec828",
        "countryName": "Egypt",
        "isoAlpha2": "EG",
        "isoAlpha3": "EGY",
        "diallingCode": "20",
        "isoCurrencyCode": "EGP",
        "isoCurrencyCountry": "EGYPT",
        "isoCurrencyMinorUnit": "2",
        "isoCurrencyName": "Egyptian Pound",
        "isoCurrencyNumericCode": "818",
        "capital": "Cairo",
        "continent": "AF",
        "TLD": ".eg",
        "languages": "ar-EG,en,fr",
        "enabled": true
    },
    {
        "id": "99e2ecdd-9247-4123-bdbc-ca569f907dd9",
        "countryName": "Equatorial Guinea",
        "isoAlpha2": "GQ",
        "isoAlpha3": "GNQ",
        "diallingCode": "240",
        "isoCurrencyCode": "XAF",
        "isoCurrencyCountry": "EQUATORIAL GUINEA",
        "isoCurrencyMinorUnit": "0",
        "isoCurrencyName": "CFA Franc BEAC",
        "isoCurrencyNumericCode": "950",
        "capital": "Malabo",
        "continent": "AF",
        "TLD": ".gq",
        "languages": "es-GQ,fr",
        "enabled": true
    },
    {
        "id": "c42bbfc3-2577-4ffa-a8c5-9d9bc9d6512f",
        "countryName": "Eritrea",
        "isoAlpha2": "ER",
        "isoAlpha3": "ERI",
        "diallingCode": "291",
        "isoCurrencyCode": "ERN",
        "isoCurrencyCountry": "ERITREA",
        "isoCurrencyMinorUnit": "2",
        "isoCurrencyName": "Nakfa",
        "isoCurrencyNumericCode": "232",
        "capital": "Asmara",
        "continent": "AF",
        "TLD": ".er",
        "languages": "aa-ER,ar,tig,kun,ti-ER",
        "enabled": true
    },
    {
        "id": "43130258-7fd4-424b-9cc4-3bbff81240ad",
        "countryName": "Ethiopia",
        "isoAlpha2": "ET",
        "isoAlpha3": "ETH",
        "diallingCode": "251",
        "isoCurrencyCode": "ETB",
        "isoCurrencyCountry": "ETHIOPIA",
        "isoCurrencyMinorUnit": "2",
        "isoCurrencyName": "Ethiopian Birr",
        "isoCurrencyNumericCode": "230",
        "capital": "Addis Ababa",
        "continent": "AF",
        "TLD": ".et",
        "languages": "am,en-ET,om-ET,ti-ET,so-ET,sid",
        "enabled": true
    },
    {
        "id": "cc5032e6-d688-462d-97f5-9346f28b08ee",
        "countryName": "Gabon",
        "isoAlpha2": "GA",
        "isoAlpha3": "GAB",
        "diallingCode": "241",
        "isoCurrencyCode": "XAF",
        "isoCurrencyCountry": "GABON",
        "isoCurrencyMinorUnit": "0",
        "isoCurrencyName": "CFA Franc BEAC",
        "isoCurrencyNumericCode": "950",
        "capital": "Libreville",
        "continent": "AF",
        "TLD": ".ga",
        "languages": "fr-GA",
        "enabled": true
    },
    {
        "id": "5eb42e3b-c52c-4e82-a304-e5a89e5ed088",
        "countryName": "Gambia",
        "isoAlpha2": "GM",
        "isoAlpha3": "GMB",
        "diallingCode": "220",
        "isoCurrencyCode": "GMD",
        "isoCurrencyCountry": "GAMBIA",
        "isoCurrencyMinorUnit": "2",
        "isoCurrencyName": "Dalasi",
        "isoCurrencyNumericCode": "270",
        "capital": "Banjul",
        "continent": "AF",
        "TLD": ".gm",
        "languages": "en-GM,mnk,wof,wo,ff",
        "enabled": true
    },
    {
        "id": "22117d8e-8a95-4184-a07b-f51ef29f3d3f",
        "countryName": "Ghana",
        "isoAlpha2": "GH",
        "isoAlpha3": "GHA",
        "diallingCode": "233",
        "isoCurrencyCode": "GHS",
        "isoCurrencyCountry": "GHANA",
        "isoCurrencyMinorUnit": "2",
        "isoCurrencyName": "Ghana Cedi",
        "isoCurrencyNumericCode": "936",
        "capital": "Accra",
        "continent": "AF",
        "TLD": ".gh",
        "languages": "en-GH,ak,ee,tw",
        "enabled": true
    },
    {
        "id": "5c3831f7-dc74-4248-8caf-2577b23cc55e",
        "countryName": "Guinea",
        "isoAlpha2": "GN",
        "isoAlpha3": "GIN",
        "diallingCode": "224",
        "isoCurrencyCode": "GNF",
        "isoCurrencyCountry": "GUINEA",
        "isoCurrencyMinorUnit": "0",
        "isoCurrencyName": "Guinea Franc",
        "isoCurrencyNumericCode": "324",
        "capital": "Conakry",
        "continent": "AF",
        "TLD": ".gn",
        "languages": "fr-GN",
        "enabled": true
    },
    {
        "id": "0bac7e70-073c-44c4-ad50-958ebb1541dd",
        "countryName": "Guinea-Bissau",
        "isoAlpha2": "GW",
        "isoAlpha3": "GNB",
        "diallingCode": "245",
        "isoCurrencyCode": "XOF",
        "isoCurrencyCountry": "GUINEA-BISSAU",
        "isoCurrencyMinorUnit": "0",
        "isoCurrencyName": "CFA Franc BCEAO",
        "isoCurrencyNumericCode": "952",
        "capital": "Bissau",
        "continent": "AF",
        "TLD": ".gw",
        "languages": "pt-GW,pov",
        "enabled": true
    },
    {
        "id": "5a1aa6ef-3e47-47f4-939f-d1feb0b0d55a",
        "countryName": "Kenya",
        "isoAlpha2": "KE",
        "isoAlpha3": "KEN",
        "diallingCode": "254",
        "isoCurrencyCode": "KES",
        "isoCurrencyCountry": "KENYA",
        "isoCurrencyMinorUnit": "2",
        "isoCurrencyName": "Kenyan Shilling",
        "isoCurrencyNumericCode": "404",
        "capital": "Nairobi",
        "continent": "AF",
        "TLD": ".ke",
        "languages": "en-KE,sw-KE",
        "enabled": true
    },
    {
        "id": "dfcd9b94-7192-4777-a336-4de20f4212b6",
        "countryName": "Lesotho",
        "isoAlpha2": "LS",
        "isoAlpha3": "LSO",
        "diallingCode": "266",
        "isoCurrencyCode": "ZAR",
        "isoCurrencyCountry": "LESOTHO",
        "isoCurrencyMinorUnit": "2",
        "isoCurrencyName": "Rand",
        "isoCurrencyNumericCode": "710",
        "capital": "Maseru",
        "continent": "AF",
        "TLD": ".ls",
        "languages": "en-LS,st,zu,xh",
        "enabled": true
    },
    {
        "id": "03dfd1ba-6d59-4e1c-8634-2ae7b28ea8bf",
        "countryName": "Liberia",
        "isoAlpha2": "LR",
        "isoAlpha3": "LBR",
        "diallingCode": "231",
        "isoCurrencyCode": "LRD",
        "isoCurrencyCountry": "LIBERIA",
        "isoCurrencyMinorUnit": "2",
        "isoCurrencyName": "Liberian Dollar",
        "isoCurrencyNumericCode": "430",
        "capital": "Monrovia",
        "continent": "AF",
        "TLD": ".lr",
        "languages": "en-LR",
        "enabled": true
    },
    {
        "id": "b93ca258-a543-45eb-ab08-f5c0af23c915",
        "countryName": "Libya",
        "isoAlpha2": "LY",
        "isoAlpha3": "LBY",
        "diallingCode": "218",
        "isoCurrencyCode": "LYD",
        "isoCurrencyCountry": "LIBYA",
        "isoCurrencyMinorUnit": "3",
        "isoCurrencyName": "Libyan Dinar",
        "isoCurrencyNumericCode": "434",
        "capital": "Tripoli",
        "continent": "AF",
        "TLD": ".ly",
        "languages": "ar-LY,it,en",
        "enabled": true
    },
    {
        "id": "cc88abb4-9b60-4259-9d0e-31cf0848b8e0",
        "countryName": "Madagascar",
        "isoAlpha2": "MG",
        "isoAlpha3": "MDG",
        "diallingCode": "261",
        "isoCurrencyCode": "MGA",
        "isoCurrencyCountry": "MADAGASCAR",
        "isoCurrencyMinorUnit": "2",
        "isoCurrencyName": "Malagasy Ariary",
        "isoCurrencyNumericCode": "969",
        "capital": "Antananarivo",
        "continent": "AF",
        "TLD": ".mg",
        "languages": "fr-MG,mg",
        "enabled": true
    },
    {
        "id": "04fb6bb2-b3e2-4783-acab-23e76d89cfe0",
        "countryName": "Malawi",
        "isoAlpha2": "MW",
        "isoAlpha3": "MWI",
        "diallingCode": "265",
        "isoCurrencyCode": "MWK",
        "isoCurrencyCountry": "MALAWI",
        "isoCurrencyMinorUnit": "2",
        "isoCurrencyName": "Kwacha",
        "isoCurrencyNumericCode": "454",
        "capital": "Lilongwe",
        "continent": "AF",
        "TLD": ".mw",
        "languages": "ny,yao,tum,swk",
        "enabled": true
    },
    {
        "id": "77dd7b90-594d-481c-a585-a0e31c49800e",
        "countryName": "Mali",
        "isoAlpha2": "ML",
        "isoAlpha3": "MLI",
        "diallingCode": "223",
        "isoCurrencyCode": "XOF",
        "isoCurrencyCountry": "MALI",
        "isoCurrencyMinorUnit": "0",
        "isoCurrencyName": "CFA Franc BCEAO",
        "isoCurrencyNumericCode": "952",
        "capital": "Bamako",
        "continent": "AF",
        "TLD": ".ml",
        "languages": "fr-ML,bm",
        "enabled": true
    },
    {
        "id": "bafdb33a-e194-4771-9ad4-7a5740563963",
        "countryName": "Mauritania",
        "isoAlpha2": "MR",
        "isoAlpha3": "MRT",
        "diallingCode": "222",
        "isoCurrencyCode": "MRO",
        "isoCurrencyCountry": "MAURITANIA",
        "isoCurrencyMinorUnit": "2",
        "isoCurrencyName": "Ouguiya",
        "isoCurrencyNumericCode": "478",
        "capital": "Nouakchott",
        "continent": "AF",
        "TLD": ".mr",
        "languages": "ar-MR,fuc,snk,fr,mey,wo",
        "enabled": true
    },
    {
        "id": "1ed9c93f-4acc-4c11-96ef-6daf9ac61e70",
        "countryName": "Mauritius",
        "isoAlpha2": "MU",
        "isoAlpha3": "MUS",
        "diallingCode": "230",
        "isoCurrencyCode": "MUR",
        "isoCurrencyCountry": "MAURITIUS",
        "isoCurrencyMinorUnit": "2",
        "isoCurrencyName": "Mauritius Rupee",
        "isoCurrencyNumericCode": "480",
        "capital": "Port Louis",
        "continent": "AF",
        "TLD": ".mu",
        "languages": "en-MU,bho,fr",
        "enabled": true
    },
    {
        "id": "579da4e6-3b39-4d3f-ac05-c1343ab05a27",
        "countryName": "Mayotte",
        "isoAlpha2": "YT",
        "isoAlpha3": "MYT",
        "diallingCode": "262",
        "isoCurrencyCode": "EUR",
        "isoCurrencyCountry": "MAYOTTE",
        "isoCurrencyMinorUnit": "2",
        "isoCurrencyName": "Euro",
        "isoCurrencyNumericCode": "978",
        "capital": "Mamoudzou",
        "continent": "AF",
        "TLD": ".yt",
        "languages": "fr-YT",
        "enabled": true
    },
    {
        "id": "95a9c4b1-be79-450a-ba9f-c3048897b719",
        "countryName": "Morocco",
        "isoAlpha2": "MA",
        "isoAlpha3": "MAR",
        "diallingCode": "212",
        "isoCurrencyCode": "MAD",
        "isoCurrencyCountry": "MOROCCO",
        "isoCurrencyMinorUnit": "2",
        "isoCurrencyName": "Moroccan Dirham",
        "isoCurrencyNumericCode": "504",
        "capital": "Rabat",
        "continent": "AF",
        "TLD": ".ma",
        "languages": "ar-MA,ber,fr",
        "enabled": true
    },
    {
        "id": "ee3ed47a-7e9c-4129-88b1-b287ea1a356c",
        "countryName": "Mozambique",
        "isoAlpha2": "MZ",
        "isoAlpha3": "MOZ",
        "diallingCode": "258",
        "isoCurrencyCode": "MZN",
        "isoCurrencyCountry": "MOZAMBIQUE",
        "isoCurrencyMinorUnit": "2",
        "isoCurrencyName": "Mozambique Metical",
        "isoCurrencyNumericCode": "943",
        "capital": "Maputo",
        "continent": "AF",
        "TLD": ".mz",
        "languages": "pt-MZ,vmw",
        "enabled": true
    },
    {
        "id": "84dcf94f-cac5-4e4e-bfe9-166856a0d23d",
        "countryName": "Namibia",
        "isoAlpha2": "NA",
        "isoAlpha3": "NAM",
        "diallingCode": "264",
        "isoCurrencyCode": "ZAR",
        "isoCurrencyCountry": "NAMIBIA",
        "isoCurrencyMinorUnit": "2",
        "isoCurrencyName": "Rand",
        "isoCurrencyNumericCode": "710",
        "capital": "Windhoek",
        "continent": "AF",
        "TLD": ".na",
        "languages": "en-NA,af,de,hz,naq",
        "enabled": true
    },
    {
        "id": "01bb26c8-e4b4-4994-b681-f838c2608419",
        "countryName": "Niger",
        "isoAlpha2": "NE",
        "isoAlpha3": "NER",
        "diallingCode": "227",
        "isoCurrencyCode": "XOF",
        "isoCurrencyCountry": "NIGER",
        "isoCurrencyMinorUnit": "0",
        "isoCurrencyName": "CFA Franc BCEAO",
        "isoCurrencyNumericCode": "952",
        "capital": "Niamey",
        "continent": "AF",
        "TLD": ".ne",
        "languages": "fr-NE,ha,kr,dje",
        "enabled": true
    },
    {
        "id": "51648127-9675-4403-a81d-6eacc66c7daa",
        "countryName": "Nigeria",
        "isoAlpha2": "NG",
        "isoAlpha3": "NGA",
        "diallingCode": "234",
        "isoCurrencyCode": "NGN",
        "isoCurrencyCountry": "NIGERIA",
        "isoCurrencyMinorUnit": "2",
        "isoCurrencyName": "Naira",
        "isoCurrencyNumericCode": "566",
        "capital": "Abuja",
        "continent": "AF",
        "TLD": ".ng",
        "languages": "en-NG,ha,yo,ig,ff",
        "enabled": true
    },
    {
        "id": "0140ea5f-96b6-44ad-8203-7228b10bb5e4",
        "countryName": "Rwanda",
        "isoAlpha2": "RW",
        "isoAlpha3": "RWA",
        "diallingCode": "250",
        "isoCurrencyCode": "RWF",
        "isoCurrencyCountry": "RWANDA",
        "isoCurrencyMinorUnit": "0",
        "isoCurrencyName": "Rwanda Franc",
        "isoCurrencyNumericCode": "646",
        "capital": "Kigali",
        "continent": "AF",
        "TLD": ".rw",
        "languages": "rw,en-RW,fr-RW,sw",
        "enabled": true
    },
    {
        "id": "4a67752b-d4c4-4e31-ab1d-7f2f1b8fa201",
        "countryName": "Réunion",
        "isoAlpha2": "RE",
        "isoAlpha3": "REU",
        "diallingCode": "262",
        "isoCurrencyCode": "EUR",
        "isoCurrencyCountry": "RÉUNION",
        "isoCurrencyMinorUnit": "2",
        "isoCurrencyName": "Euro",
        "isoCurrencyNumericCode": "978",
        "capital": "Saint-Denis",
        "continent": "AF",
        "TLD": ".re",
        "languages": "fr-RE",
        "enabled": true
    },
    {
        "id": "2940dd47-5c75-4eb1-8efa-624d4b1e65a9",
        "countryName": "Senegal",
        "isoAlpha2": "SN",
        "isoAlpha3": "SEN",
        "diallingCode": "221",
        "isoCurrencyCode": "XOF",
        "isoCurrencyCountry": "SENEGAL",
        "isoCurrencyMinorUnit": "0",
        "isoCurrencyName": "CFA Franc BCEAO",
        "isoCurrencyNumericCode": "952",
        "capital": "Dakar",
        "continent": "AF",
        "TLD": ".sn",
        "languages": "fr-SN,wo,fuc,mnk",
        "enabled": true
    },
    {
        "id": "f2fc1096-0168-416f-b0e2-42e93f740861",
        "countryName": "Seychelles",
        "isoAlpha2": "SC",
        "isoAlpha3": "SYC",
        "diallingCode": "248",
        "isoCurrencyCode": "SCR",
        "isoCurrencyCountry": "SEYCHELLES",
        "isoCurrencyMinorUnit": "2",
        "isoCurrencyName": "Seychelles Rupee",
        "isoCurrencyNumericCode": "690",
        "capital": "Victoria",
        "continent": "AF",
        "TLD": ".sc",
        "languages": "en-SC,fr-SC",
        "enabled": true
    },
    {
        "id": "f116d1f3-d95b-4d08-be0e-5b15b1f378c9",
        "countryName": "Sierra Leone",
        "isoAlpha2": "SL",
        "isoAlpha3": "SLE",
        "diallingCode": "232",
        "isoCurrencyCode": "SLL",
        "isoCurrencyCountry": "SIERRA LEONE",
        "isoCurrencyMinorUnit": "2",
        "isoCurrencyName": "Leone",
        "isoCurrencyNumericCode": "694",
        "capital": "Freetown",
        "continent": "AF",
        "TLD": ".sl",
        "languages": "en-SL,men,tem",
        "enabled": true
    },
    {
        "id": "24525717-e4e8-4ac4-8b2d-eb0b56bcdef5",
        "countryName": "Somalia",
        "isoAlpha2": "SO",
        "isoAlpha3": "SOM",
        "diallingCode": "252",
        "isoCurrencyCode": "SOS",
        "isoCurrencyCountry": "SOMALIA",
        "isoCurrencyMinorUnit": "2",
        "isoCurrencyName": "Somali Shilling",
        "isoCurrencyNumericCode": "706",
        "capital": "Mogadishu",
        "continent": "AF",
        "TLD": ".so",
        "languages": "so-SO,ar-SO,it,en-SO",
        "enabled": true
    },
    {
        "id": "edf6a703-b960-4670-95cf-2c51793db87f",
        "countryName": "South Africa",
        "isoAlpha2": "ZA",
        "isoAlpha3": "ZAF",
        "diallingCode": "27",
        "isoCurrencyCode": "R",
        "isoCurrencyCountry": "SOUTH AFRICA",
        "isoCurrencyMinorUnit": "2",
        "isoCurrencyName": "Rand",
        "isoCurrencyNumericCode": "710",
        "capital": "Pretoria",
        "continent": "AF",
        "TLD": ".za",
        "languages": "zu,xh,af,nso,en-ZA,tn,st,ts,ss,ve,nr",
        "enabled": true
    },
    {
        "id": "1c4d6ffc-eb85-4966-80c1-2894a39522f3",
        "countryName": "South Sudan",
        "isoAlpha2": "SS",
        "isoAlpha3": "SSD",
        "diallingCode": "211",
        "isoCurrencyCode": "SSP",
        "isoCurrencyCountry": "SOUTH SUDAN",
        "isoCurrencyMinorUnit": "2",
        "isoCurrencyName": "South Sudanese Pound",
        "isoCurrencyNumericCode": "728",
        "capital": "Juba",
        "continent": "AF",
        "TLD": "",
        "languages": "en",
        "enabled": true
    },
    {
        "id": "cb79c2ef-ed14-4880-9301-0dd1b6b538ab",
        "countryName": "Saint Helena",
        "isoAlpha2": "SH",
        "isoAlpha3": "SHN",
        "diallingCode": "290 n",
        "isoCurrencyCode": "SHP",
        "isoCurrencyCountry": "SAINT HELENA, ASCENSION AND TRISTAN DA CUNHA",
        "isoCurrencyMinorUnit": "2",
        "isoCurrencyName": "Saint Helena Pound",
        "isoCurrencyNumericCode": "654",
        "capital": "Jamestown",
        "continent": "AF",
        "TLD": ".sh",
        "languages": "en-SH",
        "enabled": true
    },
    {
        "id": "0f79141b-1640-4d38-8757-d249aa3b9ab6",
        "countryName": "Sudan",
        "isoAlpha2": "SD",
        "isoAlpha3": "SDN",
        "diallingCode": "249",
        "isoCurrencyCode": "SDG",
        "isoCurrencyCountry": "SUDAN",
        "isoCurrencyMinorUnit": "2",
        "isoCurrencyName": "Sudanese Pound",
        "isoCurrencyNumericCode": "938",
        "capital": "Khartoum",
        "continent": "AF",
        "TLD": ".sd",
        "languages": "ar-SD,en,fia",
        "enabled": true
    },
    {
        "id": "020f6339-450d-4695-ab2e-6073f1d1dd43",
        "countryName": "Swaziland",
        "isoAlpha2": "SZ",
        "isoAlpha3": "SWZ",
        "diallingCode": "268",
        "isoCurrencyCode": "SZL",
        "isoCurrencyCountry": "SWAZILAND",
        "isoCurrencyMinorUnit": "2",
        "isoCurrencyName": "Lilangeni",
        "isoCurrencyNumericCode": "748",
        "capital": "Mbabane",
        "continent": "AF",
        "TLD": ".sz",
        "languages": "en-SZ,ss-SZ",
        "enabled": true
    },
    {
        "id": "85931198-1a44-43dd-80f4-ce8237836e0c",
        "countryName": "Sao Tome and Principe",
        "isoAlpha2": "ST",
        "isoAlpha3": "STP",
        "diallingCode": "239",
        "isoCurrencyCode": "STD",
        "isoCurrencyCountry": "SAO TOME AND PRINCIPE",
        "isoCurrencyMinorUnit": "2",
        "isoCurrencyName": "Dobra",
        "isoCurrencyNumericCode": "678",
        "capital": "Sao Tome",
        "continent": "AF",
        "TLD": ".st",
        "languages": "pt-ST",
        "enabled": true
    },
    {
        "id": "975c2833-8c0d-47de-b742-ab1adab28d48",
        "countryName": "Tanzania",
        "isoAlpha2": "TZ",
        "isoAlpha3": "TZA",
        "diallingCode": "255",
        "isoCurrencyCode": "TZS",
        "isoCurrencyCountry": "TANZANIA, UNITED REPUBLIC OF",
        "isoCurrencyMinorUnit": "2",
        "isoCurrencyName": "Tanzanian Shilling",
        "isoCurrencyNumericCode": "834",
        "capital": "Dodoma",
        "continent": "AF",
        "TLD": ".tz",
        "languages": "sw-TZ,en,ar",
        "enabled": true
    },
    {
        "id": "5c32ea3b-ed80-4192-a081-f18a432bb459",
        "countryName": "Togo",
        "isoAlpha2": "TG",
        "isoAlpha3": "TGO",
        "diallingCode": "228",
        "isoCurrencyCode": "XOF",
        "isoCurrencyCountry": "TOGO",
        "isoCurrencyMinorUnit": "0",
        "isoCurrencyName": "CFA Franc BCEAO",
        "isoCurrencyNumericCode": "952",
        "capital": "Lome",
        "continent": "AF",
        "TLD": ".tg",
        "languages": "fr-TG,ee,hna,kbp,dag,ha",
        "enabled": true
    },
    {
        "id": "b59d1c5b-b1a6-451a-a64f-4b225612f73f",
        "countryName": "Tunisia",
        "isoAlpha2": "TN",
        "isoAlpha3": "TUN",
        "diallingCode": "216",
        "isoCurrencyCode": "TND",
        "isoCurrencyCountry": "TUNISIA",
        "isoCurrencyMinorUnit": "3",
        "isoCurrencyName": "Tunisian Dinar",
        "isoCurrencyNumericCode": "788",
        "capital": "Tunis",
        "continent": "AF",
        "TLD": ".tn",
        "languages": "ar-TN,fr",
        "enabled": true
    },
    {
        "id": "6e5a005d-b406-42f4-a97c-7a822b4a1535",
        "countryName": "Uganda",
        "isoAlpha2": "UG",
        "isoAlpha3": "UGA",
        "diallingCode": "256",
        "isoCurrencyCode": "UGX",
        "isoCurrencyCountry": "UGANDA",
        "isoCurrencyMinorUnit": "0",
        "isoCurrencyName": "Uganda Shilling",
        "isoCurrencyNumericCode": "800",
        "capital": "Kampala",
        "continent": "AF",
        "TLD": ".ug",
        "languages": "en-UG,lg,sw,ar",
        "enabled": true
    },
    {
        "id": "ead3a7d6-93d6-475b-85e4-6c9cede9d14e",
        "countryName": "Western Sahara",
        "isoAlpha2": "EH",
        "isoAlpha3": "ESH",
        "diallingCode": "212",
        "isoCurrencyCode": "MAD",
        "isoCurrencyCountry": "WESTERN SAHARA",
        "isoCurrencyMinorUnit": "2",
        "isoCurrencyName": "Moroccan Dirham",
        "isoCurrencyNumericCode": "504",
        "capital": "El-Aaiun",
        "continent": "AF",
        "TLD": ".eh",
        "languages": "ar,mey",
        "enabled": true
    },
    {
        "id": "5468f78c-01c4-4dd1-b0f3-4374339a3200",
        "countryName": "Zambia",
        "isoAlpha2": "ZM",
        "isoAlpha3": "ZMB",
        "diallingCode": "260",
        "isoCurrencyCode": "ZMW",
        "isoCurrencyCountry": "ZAMBIA",
        "isoCurrencyMinorUnit": "2",
        "isoCurrencyName": "Zambian Kwacha",
        "isoCurrencyNumericCode": "967",
        "capital": "Lusaka",
        "continent": "AF",
        "TLD": ".zm",
        "languages": "en-ZM,bem,loz,lun,lue,ny,toi",
        "enabled": true
    },
    {
        "id": "037a045e-8539-4a66-a3bb-2795d9c4e892",
        "countryName": "Zimbabwe",
        "isoAlpha2": "ZW",
        "isoAlpha3": "ZWE",
        "diallingCode": "263",
        "isoCurrencyCode": "ZWL",
        "isoCurrencyCountry": "ZIMBABWE",
        "isoCurrencyMinorUnit": "2",
        "isoCurrencyName": "Zimbabwe Dollar",
        "isoCurrencyNumericCode": "932",
        "capital": "Harare",
        "continent": "AF",
        "TLD": ".zw",
        "languages": "en-ZW,sn,nr,nd",
        "enabled": true
    }
]